id;name;text;status
1;RSS 1080p;Supervisor knowledge user;Investment Account
2;connect digital payment;multimedia;compress Cook Islands Bedfordshire
3;supply-chains Refined;Intelligent;Checking Account matrix
4;Practical Soft Bacon Idaho Small Metal Tuna;optical Identity South Carolina;reinvent deposit
5;Costa Rican Colon;initiatives solid state Avon;Response Berkshire circuit
6;Guarani User-centric Virgin Islands, U.S.;Solutions;connecting Rwanda Franc
7;Bahrain Beauty Specialist;Home;Factors Dynamic
8;Plastic;synthesizing Program;transmit
9;ADP;Central;Unbranded Plastic Soap hacking
10;groupware CSS;sensor;Coordinator models
